sku,nom,marque,prix,note,lien,image,category
4e55f1f8-37a3-4ca8-80ac-471e1598804d,CHAUSSURE COURSE A PIED HOMME RUN ONE BLEU,DECATHLON,"149,00 MAD",10101.0,https://www.decathlon.ma/p/9713-72454-chaussure-course-a-pied-homme-run-one-bleu.html,https://contents.mediadecathlon.com/p1985520/1cr1/k$eb8ed3a45ad9172f8ddc862ea1c5fa48/prod.jpg?format=auto&f=1024x0,chaussures_hommes
6ca4f924-20ab-4cec-9173-7af2f77c9443,Chaussures de running homme jogflow 100.1 gris orange,KALENJI,"199,00 MAD",14125.0,https://www.decathlon.ma/p/337693-100512-chaussures-de-running-homme-jogflow-1001-gris-orange.html,https://contents.mediadecathlon.com/p2819134/1cr1/k$352a339eb3fd9823ba0a6e6dffb7c505/prod.jpg?format=auto&f=1024x0,chaussures_hommes
657a5d31-a224-4842-bcf4-085144f25005,JOGFLOW 190.1 Run Homme Noir Gris,KIPRUN,"299,00 MAD",6743.0,https://www.decathlon.ma/p/339940-113105-jogflow-1901-run-homme-noir-gris.html,https://contents.mediadecathlon.com/p3064111/1cr1/k$d9be965d40017be5509e327b0ecff4ed/prod.jpg?format=auto&f=1024x0,chaussures_hommes
961b9280-f803-4743-892a-8431483de565,JOGFLOW 190.1 Run Homme Noir,KIPRUN,"299,00 MAD",6743.0,https://www.decathlon.ma/p/339940-113114-jogflow-1901-run-homme-noir.html,https://contents.mediadecathlon.com/p3064095/1cr1/k$61738abb5f95303f3aad12cb640924d1/prod.jpg?format=auto&f=1024x0,chaussures_hommes
aee6c45f-02e9-4d36-afff-d9ad39e362d7,"Chaussures de randonnée homme, NH50 noir",QUECHUA,"199,00 MAD",5751.0,https://www.decathlon.ma/p/350783-125344-chaussures-de-randonnee-homme-nh50-noir.html,https://contents.mediadecathlon.com/p2617676/1cr1/k$f722635e10650439038d45f4aab7883d/prod.jpg?format=auto&f=1024x0,chaussures_hommes
06ef35ee-5668-415a-85e4-fdc523b19311,Chaussettes de sport hautes rs 100 blanc lot de 3,ARTENGO,"49,00 MAD",5089.0,https://www.decathlon.ma/p/300219-114925-chaussettes-de-sport-hautes-rs-100-blanc-lot-de-3.html,https://contents.mediadecathlon.com/p2204947/1cr1/k$ab29598d48ee60733e360fa1b3468413/prod.jpg?format=auto&f=1024x0,chaussures_hommes
5fdf3a27-09c5-46c5-92ee-bf25a50af6d8,"Chaussures de randonnée homme, NH50 vert",QUECHUA,"199,00 MAD",5751.0,https://www.decathlon.ma/p/350783-125335-chaussures-de-randonnee-homme-nh50-vert.html,https://contents.mediadecathlon.com/p2617670/1cr1/k$9920a2027435166f5261dc522c1ea182/prod.jpg?format=auto&f=1024x0,chaussures_hommes
6860cf4e-79a6-432b-8ce5-cf4cd3060c49,Chaussettes de running run100 noire x3.,KIPRUN,"49,00 MAD",23908.0,https://www.decathlon.ma/p/11690-40423-chaussettes-de-running-run100-noire-x3.html,https://contents.mediadecathlon.com/p2707878/1cr1/k$62f6a58896f77a80b8a697a675a06967/prod.jpg?format=auto&f=1024x0,chaussures_hommes
524bf9a1-0374-44a3-a952-c03572a3dbf2,CHAUSSETTES DE SPORT HAUTES  RS 160 NOIR LOT DE 3,DECATHLON,"69,00 MAD",16669.0,https://www.decathlon.ma/p/300234-24008-chaussettes-de-sport-hautes-rs-160-noir-lot-de-3.html,https://contents.mediadecathlon.com/p2945958/1cr1/k$b42c86f24648589869ac659affc3e5c0/prod.jpg?format=auto&f=1024x0,chaussures_hommes
fce959ea-d155-4a28-82fb-35a02abda038,CHAUSSETTES DE RUNNING RUN100 BLANCHE x3,KIPRUN,"49,00 MAD",23908.0,https://www.decathlon.ma/p/11690-40427-chaussettes-de-running-run100-blanche-x3.html,https://contents.mediadecathlon.com/p2707879/1cr1/k$85497a929ec16f29c48b093e4d5c3ad9/prod.jpg?format=auto&f=1024x0,chaussures_hommes
2509e0f7-79da-44d2-8d26-8db8440e91f2,CHAUSSETTES DE SPORT BASSES RS 160 BLANC LOT DE 3.,DECATHLON,"69,00 MAD",21539.0,https://www.decathlon.ma/p/304714-27236-chaussettes-de-sport-basses-rs-160-blanc-lot-de-3.html,https://contents.mediadecathlon.com/p2945910/1cr1/k$b2da3ac00a2ee4112ad6f330d5fea256/prod.jpg?format=auto&f=1024x0,chaussures_hommes
fd806068-a6b2-4c20-add8-013e793c4122,CHAUSSETTES DE SPORT BASSES RS 160 NOIR LOT DE 3.,DECATHLON,"69,00 MAD",21539.0,https://www.decathlon.ma/p/304714-44577-chaussettes-de-sport-basses-rs-160-noir-lot-de-3.html,https://contents.mediadecathlon.com/p2945928/1cr1/k$04b315cfea758bedf2ec0e0b2b4e28c2/prod.jpg?format=auto&f=1024x0,chaussures_hommes
36a33ed0-56c1-4b3a-8178-a3297aa3aa75,CHAUSSETTES DE TENNIS HAUTES RS 500 NOIR LOT DE 3,DECATHLON,"99,00 MAD",16136.0,https://www.decathlon.ma/p/2451-108895-chaussettes-de-tennis-hautes-rs-500-noir-lot-de-3.html,https://contents.mediadecathlon.com/p2804825/1cr1/k$46fecb51ed560df869feb41d988d33dd/prod.jpg?format=auto&f=1024x0,chaussures_hommes
bde403ad-1601-4d66-9088-dfa567c3bcd1,CASQUETTE  ARTENGO TC 500 NOIR T58,KUIKMA,"99,00 MAD",3027.0,https://www.decathlon.ma/p/302625-27719-casquette-artengo-tc-500-noir-t58.html,https://contents.mediadecathlon.com/p2797328/1cr1/k$df1bd9a8b83c195d462b21fa76b66a3e/prod.jpg?format=auto&f=1024x0,accessoires-hommes
f770ef29-0f1d-4da6-91d3-dd98ca4014e6,Serviette de bain microfibre vert sapin taille XL 110 x 175 cm,DECATHLON,"149,00 MAD",11430.0,https://www.decathlon.ma/p/158653-43679-serviette-de-bain-microfibre-vert-sapin-taille-xl-110-x-175-cm.html,https://contents.mediadecathlon.com/p2865368/1cr1/k$e8a2e139c02f68adc4723e072bdc5ab8/prod.jpg?format=auto&f=1024x0,accessoires-hommes
39d4db56-29bf-4d34-b3db-ebcdd3e84deb,Hijab multisports femme - kiprun noir,KIPRUN,"99,00 MAD",102.0,https://www.decathlon.ma/p/313269-72138-hijab-multisports-femme-kiprun-noir.html,https://contents.mediadecathlon.com/p2399675/1cr1/k$1ba62ad38df17897c5a5be8c546e281c/prod.jpg?format=auto&f=1024x0,accessoires-hommes
18852607-83ef-46d3-81b7-42bb62a466bd,Ceinture de golf tressée élastique & extensible - sable,INESIS,"79,00 MAD",4720.0,https://www.decathlon.ma/p/338174-57161-ceinture-de-golf-tressee-elastique-extensible-sable.html,https://contents.mediadecathlon.com/p2236396/1cr1/k$7cf375921654e5191699501d18f09676/prod.jpg?format=auto&f=1024x0,accessoires-hommes
7c7adc17-163e-49a4-b6ca-d71a33160d2a,Serviette de plage 145 x 85 cm - bleu foncé,DECATHLON,"119,00 MAD",872.0,https://www.decathlon.ma/p/151911-24860-serviette-de-plage-145-x-85-cm-bleu-fonce.html,https://contents.mediadecathlon.com/p1288575/1cr1/k$ceeae98efaa63c1303d1dcbec9483fee/prod.jpg?format=auto&f=1024x0,accessoires-hommes
c72ebebb-4e82-46a6-a767-a52d363e9dc3,Serviette de bain microfibre ultra douce rose clair taille xl 110 x 175 cm,DECATHLON,"159,00 MAD",1786.0,https://www.decathlon.ma/p/300589-66350-serviette-de-bain-microfibre-ultra-douce-rose-clair-taille-xl-110-x-175-cm.html,https://contents.mediadecathlon.com/p2865271/1cr1/k$23018aeb624fa74df5d7e42d9412ae09/prod.jpg?format=auto&f=1024x0,accessoires-hommes
eec4e99b-fe99-46ab-8a2a-fb8192028874,Serviette de bain microfibre vert taille L 80 x 130 cm,DECATHLON,"99,00 MAD",22505.0,https://www.decathlon.ma/p/158325-43615-serviette-de-bain-microfibre-vert-taille-l-80-x-130-cm.html,https://contents.mediadecathlon.com/p2865253/1cr1/k$2547504643f656e62baed9b5d5b34a58/prod.jpg?format=auto&f=1024x0,accessoires-hommes
0f0c4a65-b8a2-4c6b-a5b1-9c0af59b7efb,Casquette bateau Sailing 500 adulte voile Noir,DECATHLON,"159,00 MAD",521.0,https://www.decathlon.ma/p/333992-57261-casquette-bateau-sailing-500-adulte-voile-noir.html,https://contents.mediadecathlon.com/p2160941/1cr1/k$98e0300014c08e77eefbf0b4f68ff0df/prod.jpg?format=auto&f=1024x0,accessoires-hommes
feaade68-6f82-4546-8fb8-1655e9f1e327,Poignet tennis artengo tp 100 noir,KUIKMA,"69,00 MAD",3188.0,https://www.decathlon.ma/p/2446-27218-poignet-tennis-artengo-tp-100-noir.html,https://contents.mediadecathlon.com/p2910311/1cr1/k$7dfe20e37dbb867f86e9166109867075/prod.jpg?format=auto&f=1024x0,accessoires-hommes
a73b8da1-4964-48dc-a2e2-be8002a5454e,Visière running adulte - kiprun v2 noir,KIPRUN,"49,00 MAD",3192.0,https://www.decathlon.ma/p/349424-114569-visiere-running-adulte-kiprun-v2-noir.html,https://contents.mediadecathlon.com/p2708847/1cr1/k$78cf30cb861794a03b5e18b07694aed3/prod.jpg?format=auto&f=1024x0,accessoires-hommes
97ddc7d0-04f5-40c2-b464-ff7398be34cf,Hijab multisports femme - kiprun blanc,KIPRUN,"99,00 MAD",102.0,https://www.decathlon.ma/p/313269-72142-hijab-multisports-femme-kiprun-blanc.html,https://contents.mediadecathlon.com/p1864867/1cr1/k$12fec633eea24719bb815d87ebc530f9/prod.jpg?format=auto&f=1024x0,accessoires-hommes
c58eeae9-25db-48ae-a3fd-11777e1b675b,Serviette de bain microfibre bleu taille XL 110 x 175 cm,DECATHLON,"149,00 MAD",11430.0,https://www.decathlon.ma/p/158653-43680-serviette-de-bain-microfibre-bleu-taille-xl-110-x-175-cm.html,https://contents.mediadecathlon.com/p2865315/1cr1/k$c38404246d663993f9ee58aacf145a80/prod.jpg?format=auto&f=1024x0,accessoires-hommes
62f99255-a5cf-48ca-9c6a-a73e9763c8c9,Legging ajustable respirant enfant - 500 Turquoise,DOMYOS,"49,00 MAD",138.0,https://www.decathlon.ma/p/330111-54660-legging-ajustable-respirant-enfant-500-turquoise.html,https://contents.mediadecathlon.com/p2205445/1cr1/k$2a4eccbebfa280f9d89e9dc5e6bdaf2a/prod.jpg?format=auto&f=1024x0,bebe
e8b07325-6cee-4674-9377-289dc36bd853,Chaussons enfant - Rose,DECATHLON,"89,00 MAD",3998.0,https://www.decathlon.ma/p/171260-30895-chaussons-enfant-rose.html,https://contents.mediadecathlon.com/p2809967/1cr1/k$6065bb46bb3517ad8f560b61f13327a3/prod.jpg?format=auto&f=1024x0,bebe
4aa070f4-206e-47a8-a952-012ff5c95b26,Survêtement regular chaud enfant - Basique Bleu Marine,DOMYOS,"139,00 MAD",460.0,https://www.decathlon.ma/p/312128-51782-survetement-regular-chaud-enfant-basique-bleu-marine.html,https://contents.mediadecathlon.com/p2080316/1cr1/k$99b2a08266e44b995e7eda8060cea653/prod.jpg?format=auto&f=1024x0,bebe
068f698c-25fc-4b19-a349-70a057c6e2a8,Legging bébé ajustable respirant - 500 Bleu Marine,DOMYOS,"49,00 MAD",138.0,https://www.decathlon.ma/p/330111-57245-legging-bebe-ajustable-respirant-500-bleu-marine.html,https://contents.mediadecathlon.com/p2238074/1cr1/k$86d11adb099796bc01d33fe5ab2445c0/prod.jpg?format=auto&f=1024x0,bebe
93f88e32-3e07-4e72-a3c4-a34a5052d925,Survêtement regular chaud enfant - Basique Gris,DOMYOS,"139,00 MAD",460.0,https://www.decathlon.ma/p/312128-38551-survetement-regular-chaud-enfant-basique-gris.html,https://contents.mediadecathlon.com/p2771259/1cr1/k$a4835188b682bda5962057b4dd49465f/prod.jpg?format=auto&f=1024x0,bebe
e96daf91-e6f9-4362-95cd-3b514596ceff,Chaussons enfant - Gris foncé,DECATHLON,"89,00 MAD",3998.0,https://www.decathlon.ma/p/171260-30907-chaussons-enfant-gris-fonce.html,https://contents.mediadecathlon.com/p2809976/1cr1/k$81ec56b875dd3dcacbb07f443e098470/prod.jpg?format=auto&f=1024x0,bebe
642c90ea-9851-43fb-8c36-03ee999266c9,Chaussures enfant - I MOVE 100 du 25 au 30,DECATHLON,"119,00 MAD",1347.0,https://www.decathlon.ma/p/332153-54665-chaussures-enfant-i-move-100-du-25-au-30.html,https://contents.mediadecathlon.com/p2810016/1cr1/k$0afcc172dfea207d11455b980a6f5230/prod.jpg?format=auto&f=1024x0,bebe
3d860144-304a-4a03-a5e6-311fdd75d5b8,Chaussures enfant à scratch - I MOVE Du 25 au 30,DECATHLON,"119,00 MAD",1347.0,https://www.decathlon.ma/p/332153-54677-chaussures-enfant-a-scratch-i-move-du-25-au-30.html,https://contents.mediadecathlon.com/p2810017/1cr1/k$be4f5137f18b9675e7ce76432a7129f1/prod.jpg?format=auto&f=1024x0,bebe
fc57e52c-7f9f-421e-a4d2-31cf60f35d66,Survêtement bébé - Basique Rose,DOMYOS,"119,00 MAD",231.0,https://www.decathlon.ma/p/312129-52446-survetement-bebe-basique-rose.html,https://contents.mediadecathlon.com/p2771268/1cr1/k$f2d38af66f1e12f76b56b5686f7cda42/prod.jpg?format=auto&f=1024x0,bebe
34c65f6c-2292-4c82-9293-d9a62e518d5a,Chaussures premiers pas à scratch - I LEARN Du 20 au 24,DECATHLON,"119,00 MAD",840.0,https://www.decathlon.ma/p/332503-54376-chaussures-premiers-pas-a-scratch-i-learn-du-20-au-24.html,https://contents.mediadecathlon.com/p2810142/1cr1/k$090f9d42d93d0b692751c8a91d5f7883/prod.jpg?format=auto&f=1024x0,bebe
b37e55d0-8603-40ed-9f53-22f10d27e72f,Survêtement bébé - Basique Bleu marine,DOMYOS,"119,00 MAD",231.0,https://www.decathlon.ma/p/312129-38566-survetement-bebe-basique-bleu-marine.html,https://contents.mediadecathlon.com/p2205511/1cr1/k$038dd659b288595fb45b4d355824594c/prod.jpg?format=auto&f=1024x0,bebe
3c2c96e3-9c24-4d17-88c9-d84ce7e3d85b,Chaussures premiers pas à scratch - - I LEARN Du 20 au 24,DECATHLON,"119,00 MAD",840.0,https://www.decathlon.ma/p/332503-54968-chaussures-premiers-pas-a-scratch-i-learn-du-20-au-24.html,https://contents.mediadecathlon.com/p2810147/1cr1/k$c8386efd34c5b988ec50cbaa53777ffb/prod.jpg?format=auto&f=1024x0,bebe
1b900df1-dc05-4325-a7f2-48c9546f3163,Ballon Sauteur Resist 60 cm gym enfant bleu,DOMYOS,"179,00 MAD",715.0,https://www.decathlon.ma/p/152233-116814-ballon-sauteur-resist-60-cm-gym-enfant-bleu.html,https://contents.mediadecathlon.com/p937759/1cr1/k$bcfe3245f3d3c95840ef4d769f4029a4/prod.jpg?format=auto&f=1024x0,bebe
6285b8b4-3fc6-4c8f-8eb4-cc0986ef8d68,Ballon Sauteur Resist 60 cm gym enfant rose,DOMYOS,"179,00 MAD",715.0,https://www.decathlon.ma/p/152233-116813-ballon-sauteur-resist-60-cm-gym-enfant-rose.html,https://contents.mediadecathlon.com/p937765/1cr1/k$b2528337bc2cc642e8b8b73178c492b5/prod.jpg?format=auto&f=1024x0,bebe
8453da5f-4f62-4cb3-ac9f-502868511102,"T-shirt multisport coton enfant mixte, rose",DOMYOS,"10,00 MAD",1674.0,https://www.decathlon.ma/p/310685-54473-t-shirt-multisport-coton-enfant-mixte-rose.html,https://contents.mediadecathlon.com/p2238092/1cr1/k$d9ec7460aebc06d79bc9c2ba265f409b/prod.jpg?format=auto&f=1024x0,bebe
9e065d26-fb2f-441a-bc60-6a4e5b81798f,Chaussures enfant à scratch légères - SOFT 140,DECATHLON,"149,00 MAD",13098.0,https://www.decathlon.ma/p/145009-131279-chaussures-enfant-a-scratch-legeres-soft-140.html,https://contents.mediadecathlon.com/p2810453/1cr1/k$47e3e12e9163c8cfcad4daca7865867f/prod.jpg?format=auto&f=1024x0,chaussures-enfants
23d70bf3-b474-4ad1-bd29-b1c4d33cb50b,Chaussures enfant à scratch légères - soft 140,DECATHLON,"149,00 MAD",13098.0,https://www.decathlon.ma/p/145009-131265-chaussures-enfant-a-scratch-legeres-soft-140.html,https://contents.mediadecathlon.com/p2810447/1cr1/k$676daa07a0cae0067e2b3dc840c9f82a/prod.jpg?format=auto&f=1024x0,chaussures-enfants
efe0d5bf-5482-43f0-a305-088b858a1945,Baskets à scratch enfant - TS100,DECATHLON,"129,00 MAD",4820.0,https://www.decathlon.ma/p/125985-51296-baskets-a-scratch-enfant-ts100.html,https://contents.mediadecathlon.com/p2812000/1cr1/k$9b5f05d9c7b1e844a3a904f5cabcff65/prod.jpg?format=auto&f=1024x0,chaussures-enfants
b38e8df1-f9a9-4160-a0a2-44f71ef56ae6,Baskets à scratch enfant- TS100,DECATHLON,"129,00 MAD",4820.0,https://www.decathlon.ma/p/125985-51283-baskets-a-scratch-enfant-ts100.html,https://contents.mediadecathlon.com/p2810418/1cr1/k$f4cbeaddfb90ff527dfd6f3113294429/prod.jpg?format=auto&f=1024x0,chaussures-enfants
38efa21e-0d20-40bf-bfa4-a352cfb56a01,Baskets à scratch enfant,DECATHLON,"129,00 MAD",4820.0,https://www.decathlon.ma/p/125985-59350-baskets-a-scratch-enfant.html,https://contents.mediadecathlon.com/p700490/1cr1/k$069fdfc121e01a94be7e45a3323c53da/prod.jpg?format=auto&f=1024x0,chaussures-enfants
c5dd421b-7d0a-4ad7-b015-ceb8780bffdc,Chaussures enfant à scratch légères - soft 140,DECATHLON,"149,00 MAD",13098.0,https://www.decathlon.ma/p/145009-131293-chaussures-enfant-a-scratch-legeres-soft-140.html,https://contents.mediadecathlon.com/p2810458/1cr1/k$f8a4b49f8d390273935b9ca28cbe5fad/prod.jpg?format=auto&f=1024x0,chaussures-enfants
1cb0192a-59f3-495c-90c8-9c57665e3cea,Chaussures enfant à scratch - TS130,DECATHLON,"159,00 MAD",2296.0,https://www.decathlon.ma/p/126008-26670-chaussures-enfant-a-scratch-ts130.html,https://contents.mediadecathlon.com/p2810618/1cr1/k$54ef77b4e0b16faa1f5440949a9d026b/prod.jpg?format=auto&f=1024x0,chaussures-enfants
12b6a09b-1bc9-4b49-b04c-d26393d435b2,Chaussures enfant à scratch - TS130,DECATHLON,"159,00 MAD",2296.0,https://www.decathlon.ma/p/126008-26657-chaussures-enfant-a-scratch-ts130.html,https://contents.mediadecathlon.com/p2822512/1cr1/k$0d988d56f39f6b42e3fed58f0c6637b3/prod.jpg?format=auto&f=1024x0,chaussures-enfants
fa183461-bbfc-4bd5-93e1-b6c82de0cbee,Chaussures de tennis à lacets Enfant - Essentiel blanc jaune,ARTENGO,"229,00 MAD",572.0,https://www.decathlon.ma/p/336701-120758-chaussures-de-tennis-a-lacets-enfant-essentiel-blanc-jaune.html,https://contents.mediadecathlon.com/p2561633/1cr1/k$7e7d278dfe1ca15076893e802b899326/prod.jpg?format=auto&f=1024x0,chaussures-enfants
525d73a3-d255-492f-af55-2a38b8b46995,CHAUSSETTES DE SPORT HAUTES ENFANT RS 60 NOIR GRIS LOT DE 3.,DECATHLON,"59,00 MAD",2530.0,https://www.decathlon.ma/p/300217-23993-chaussettes-de-sport-hautes-enfant-rs-60-noir-gris-lot-de-3.html,https://contents.mediadecathlon.com/p2979204/1cr1/k$89bf03e535b933fb42a402b5512d3381/prod.jpg?format=auto&f=1024x0,chaussures-enfants
6c0479f2-21ca-4e31-8390-8f1e3abebacd,"Chaussures à scratch et lacets élastiques légères enfant, Playful Fast Rose",DECATHLON,"199,00 MAD",2936.0,https://www.decathlon.ma/p/344877-114249-chaussures-a-scratch-et-lacets-elastiques-legeres-enfant-playful-fast-rose.html,https://contents.mediadecathlon.com/p2719493/1cr1/k$d12e6a0dd8b55d51e6e1fef7cd54bb43/prod.jpg?format=auto&f=1024x0,chaussures-enfants
df3309dd-ba50-421f-831d-9fc7e014fb07,"Chaussures de Running Femme, Jogflow 190.1 Blanc Violet",KIPRUN,"299,00 MAD",3023.0,https://www.decathlon.ma/p/339950-115174-chaussures-de-running-femme-jogflow-1901-blanc-violet.html,https://contents.mediadecathlon.com/p2638789/1cr1/k$b4be394023220aef946d551ef0d6020c/prod.jpg?format=auto&f=1024x0,decathlon_chaussures_femmes
afc8bab2-caa2-4b6f-b034-110f0847c975,Chaussures femme ekiden one gris,DECATHLON,"149,00 MAD",3398.0,https://www.decathlon.ma/p/9711-72464-chaussures-femme-ekiden-one-gris.html,https://contents.mediadecathlon.com/p2917180/1cr1/k$93e30399437bdf3cac4ea9b9e11bd28c/prod.jpg?format=auto&f=1024x0,decathlon_chaussures_femmes
2b13ea18-8ede-4ae1-97e1-73d2e4903db4,"Chaussures de Running Femme, Jogflow 100.1 Noir",KALENJI,"199,00 MAD",4270.0,https://www.decathlon.ma/p/337743-99365-chaussures-de-running-femme-jogflow-1001-noir.html,https://contents.mediadecathlon.com/p2393967/1cr1/k$7d033ec48ede1fa997382e02858dd5b0/prod.jpg?format=auto&f=1024x0,decathlon_chaussures_femmes
e757f726-904e-4da8-8a39-ca838a0e5005,CHAUSSURES FEMME EKIDEN ONE OLIVE,DECATHLON,"149,00 MAD",3398.0,https://www.decathlon.ma/p/9711-72471-chaussures-femme-ekiden-one-olive.html,https://contents.mediadecathlon.com/p2183981/1cr1/k$667e038eb4ced2d0d84d7c6008b8f778/prod.jpg?format=auto&f=1024x0,decathlon_chaussures_femmes
ce234a57-2d65-4e1e-9ba1-e2d6be684ae2,"Chaussures de Running Femme, Jogflow 190.1 Rose",KIPRUN,"299,00 MAD",3023.0,https://www.decathlon.ma/p/339950-115167-chaussures-de-running-femme-jogflow-1901-rose.html,https://contents.mediadecathlon.com/p2639170/1cr1/k$8851bd11fddef8cc90f6604fd9c80f77/prod.jpg?format=auto&f=1024x0,decathlon_chaussures_femmes
b318c4ba-b26f-4b72-a4da-ea8b85bd0597,CHAUSSETTES DE TENNIS HAUTES RS 500 BLANC LOT DE 3,DECATHLON,"99,00 MAD",16136.0,https://www.decathlon.ma/p/2451-108511-chaussettes-de-tennis-hautes-rs-500-blanc-lot-de-3.html,https://contents.mediadecathlon.com/p2804811/1cr1/k$fbcfe5aa5f3d1b72606abff9cce89e47/prod.jpg?format=auto&f=1024x0,decathlon_chaussures_femmes
8648f652-16b2-4598-82a9-e32fa97f1984,CHAUSSETTES DE TENNIS HAUTES RS 500 GRIS LOT DE 3,DECATHLON,"99,00 MAD",16136.0,https://www.decathlon.ma/p/2451-107717-chaussettes-de-tennis-hautes-rs-500-gris-lot-de-3.html,https://contents.mediadecathlon.com/p2804823/1cr1/k$a8c810846bc223e65e622730e3c0a6b8/prod.jpg?format=auto&f=1024x0,decathlon_chaussures_femmes
2555c68a-07a7-4b70-9482-abfe2a375971,"Chaussures de randonnée femme, NH50  noir",QUECHUA,"199,00 MAD",1677.0,https://www.decathlon.ma/p/308248-129577-chaussures-de-randonnee-femme-nh50-noir.html,https://contents.mediadecathlon.com/p2617654/1cr1/k$2979dae5280e35c87494dfbecf3ee239/prod.jpg?format=auto&f=1024x0,decathlon_chaussures_femmes
2d4caaca-ca66-495f-8680-8844ae681087,CHAUSSETTES DE SPORT MI-HAUTES RS 160 NOIRES LOT DE 3.,DECATHLON,"69,00 MAD",18418.0,https://www.decathlon.ma/p/300235-108505-chaussettes-de-sport-mi-hautes-rs-160-noires-lot-de-3.html,https://contents.mediadecathlon.com/p2945952/1cr1/k$40c5a6c734d4101061c04e234a5c26e2/prod.jpg?format=auto&f=1024x0,decathlon_chaussures_femmes
8f0829b5-004b-4821-bf69-41e97117e35b,CHAUSSETTES DE SPORT MI-HAUTES RS 500 BLANC LOT DE 3,DECATHLON,"99,00 MAD",11867.0,https://www.decathlon.ma/p/2392-22488-chaussettes-de-sport-mi-hautes-rs-500-blanc-lot-de-3.html,https://contents.mediadecathlon.com/p2804871/1cr1/k$c1612cacdea0f30d142d63ee781b7595/prod.jpg?format=auto&f=1024x0,decathlon_chaussures_femmes
2e8563cc-bce9-4581-80b8-2c5ce15c8de1,CHAUSSETTES DE SPORT MI-HAUTES RS 160 BLANCHES LOT DE 3.,DECATHLON,"69,00 MAD",18418.0,https://www.decathlon.ma/p/300235-24016-chaussettes-de-sport-mi-hautes-rs-160-blanches-lot-de-3.html,https://contents.mediadecathlon.com/p2945945/1cr1/k$023874c829809fa66873a50f3b665ac4/prod.jpg?format=auto&f=1024x0,decathlon_chaussures_femmes
65ebebd2-a79b-43ba-a503-e6aad5ab1455,Chaussettes de football VIRALTO CLUB noir,KIPSTA,"69,00 MAD",3088.0,https://www.decathlon.ma/p/303496-29941-chaussettes-de-football-viralto-club-noir.html,https://contents.mediadecathlon.com/p2970233/1cr1/k$8be5a1688c569ae9aab56e2e0262683b/prod.jpg?format=auto&f=1024x0,decathlon_chaussures_femmes
6590f66e-2374-4b42-824a-e4367b025b81,Roller fitness enfant FIT3 JR Abyss Grey,OXELO,"549,00 MAD",7674.0,https://www.decathlon.ma/p/157932-72533-roller-fitness-enfant-fit3-jr-abyss-grey.html,https://contents.mediadecathlon.com/p2606817/1cr1/k$9811f56209810ad1b5717c9d4582b627/prod.jpg?format=auto&f=1024x0,exterieur
bdf27d33-355d-4434-bdd2-a03e1009d487,ROLLER FITNESS ENFANT FIT3 JR NOIR KHAKI,OXELO,"549,00 MAD",7674.0,https://www.decathlon.ma/p/157932-107491-roller-fitness-enfant-fit3-jr-noir-khaki.html,https://contents.mediadecathlon.com/p2606838/1cr1/k$a854c132f5efbc20af7dc30986bd0e4e/prod.jpg?format=auto&f=1024x0,exterieur
9c1a6066-2bf7-418a-8fa4-9fc587bd6ec6,Ballon de football First Kick taille 5 (joueurs de 12 ans et plus) jaune,KIPSTA,"49,00 MAD",6774.0,https://www.decathlon.ma/p/334351-54688-ballon-de-football-first-kick-taille-5-joueurs-de-12-ans-et-plus-jaune.html,https://contents.mediadecathlon.com/p2606798/1cr1/k$67ad9a88845032fbaa0aef1e501870ec/prod.jpg?format=auto&f=1024x0,exterieur
c05ba188-01eb-472a-aa51-49d7bcae0d19,Ballon de football First Kick taille 3 (enfants de moins de 9 ans) bleu,KIPSTA,"49,00 MAD",6774.0,https://www.decathlon.ma/p/334351-54540-ballon-de-football-first-kick-taille-3-enfants-de-moins-de-9-ans-bleu.html,https://contents.mediadecathlon.com/p2606740/1cr1/k$482410fa2468cee9b0fb873e71f0b847/prod.jpg?format=auto&f=1024x0,exterieur
46900614-d1c0-462e-a65f-92d1439ffdc2,Ballon de football First Kick taille 4 (enfants entre 9 à 12 ans) rouge,KIPSTA,"49,00 MAD",6774.0,https://www.decathlon.ma/p/334351-57801-ballon-de-football-first-kick-taille-4-enfants-entre-9-a-12-ans-rouge.html,https://contents.mediadecathlon.com/p2606834/1cr1/k$f7fd5a4266d528650a32dd3de43e7ffb/prod.jpg?format=auto&f=1024x0,exterieur
dc561b66-3231-4e89-8518-52c1bfb58e7b,Ballon de football Hybride FIFA BASIC CLUB BALL taille 5 blanc,KIPSTA,"129,00 MAD",1778.0,https://www.decathlon.ma/p/344994-114266-ballon-de-football-hybride-fifa-basic-club-ball-taille-5-blanc.html,https://contents.mediadecathlon.com/p2571324/1cr1/k$b8eb7ffc64e71f30ff4188ccb001e17d/prod.jpg?format=auto&f=1024x0,exterieur
f48e1b7c-66fb-4662-9bda-35a88572ae51,"Vtt enfant 20"" expl 500 orange 6-9 ans",ROCKRIDER,"3 199,00 MAD",1522.0,https://www.decathlon.ma/p/337823-118633-vtt-enfant-20-expl-500-orange-6-9-ans.html,https://contents.mediadecathlon.com/p2519724/1cr1/k$b0bbc6f5d35707252ec18040d1941747/prod.jpg?format=auto&f=1024x0,exterieur
a5e35945-e5d7-46ff-9e31-42b4c404f5d0,"VÉLO VTT RANDONNÉE EXPL 500 NOIR 29""",ROCKRIDER,"5 999,00 MAD",1240.0,https://www.decathlon.ma/p/330628-131520-velo-vtt-randonnee-expl-500-noir-29.html,https://contents.mediadecathlon.com/p2623157/1cr1/k$56a387f834df8816d5aabd60fd676bba/prod.jpg?format=auto&f=1024x0,exterieur
1e9157b3-8055-4062-a6c9-c7e1824790c5,Roller fitness enfant FIT 5 Jr rose kaki,OXELO,"649,00 MAD",1996.0,https://www.decathlon.ma/p/15103-129800-roller-fitness-enfant-fit-5-jr-rose-kaki.html,https://contents.mediadecathlon.com/p2152375/1cr1/k$abf827df7335031d0675b5f7083a3c2b/prod.jpg?format=auto&f=1024x0,exterieur
dc35e8d6-b47d-44c6-9e2a-35a87ccc084f,Ballon de football Hybride FIFA BASIC CLUB BALL taille 5 neige brouillard rouge,KIPSTA,"129,00 MAD",1778.0,https://www.decathlon.ma/p/344994-108804-ballon-de-football-hybride-fifa-basic-club-ball-taille-5-neige-brouillard-rouge.html,https://contents.mediadecathlon.com/p2571372/1cr1/k$5bd1aba5178508b7780f20761e34f522/prod.jpg?format=auto&f=1024x0,materiels-enfants
a1f989ab-0962-43e0-a140-8f0ecfffab7c,Trottinette enfant MID1 Neon Lavander,OXELO,"699,00 MAD",549.0,https://www.decathlon.ma/p/348713-105673-trottinette-enfant-mid1-neon-lavander.html,https://contents.mediadecathlon.com/p2562522/1cr1/k$60090610bb075ac65cd7fa0931663cda/prod.jpg?format=auto&f=1024x0,materiels-enfants
910852e1-ff4f-4d34-bfbc-d4a0997ccea2,Ballon de football Light LEARNING BALL BLANC NOIR TAILLE 5,KIPSTA,"99,00 MAD",2123.0,https://www.decathlon.ma/p/330946-67770-ballon-de-football-light-learning-ball-blanc-noir-taille-5.html,https://contents.mediadecathlon.com/p2379949/1cr1/k$73b6b0595d7604af4a1fbfefc3f63bc5/prod.jpg?format=auto&f=1024x0,materiels-enfants
d243d48d-850f-428d-b99c-5d9d545810d5,Ballon de football Light LEARNING BALL JAUNE ROSE TAILLE 5,KIPSTA,"99,00 MAD",2123.0,https://www.decathlon.ma/p/330946-67838-ballon-de-football-light-learning-ball-jaune-rose-taille-5.html,https://contents.mediadecathlon.com/p2379943/1cr1/k$9105af896dcd7ac53ece34ad44ffb145/prod.jpg?format=auto&f=1024x0,materiels-enfants
4b5589c3-9960-4190-ba39-356b13e29b52,Ballon de basketball taille 7 - bt500 fiba - marron,TARMAK,"249,00 MAD",1833.0,https://www.decathlon.ma/p/333543-109116-ballon-de-basketball-taille-7-bt500-fiba-marron.html,https://contents.mediadecathlon.com/p3035854/1cr1/k$6b6b2810b07e320de96a602e455351f6/prod.jpg?format=auto&f=1024x0,materiels-enfants
6ad21f99-817b-49cc-851d-2b33181431d8,Casque velo enfant 500 rose,BTWIN,"199,00 MAD",3144.0,https://www.decathlon.ma/p/338990-58262-casque-velo-enfant-500-rose.html,https://contents.mediadecathlon.com/p2728119/1cr1/k$a46c63252b9a1c54e00862695073b308/prod.jpg?format=auto&f=1024x0,materiels-enfants
0698529f-0448-463d-9731-892447582461,Ballon de football Hybride FIFA BASIC CLUB BALL taille 5 jaune,KIPSTA,"129,00 MAD",1778.0,https://www.decathlon.ma/p/344994-115507-ballon-de-football-hybride-fifa-basic-club-ball-taille-5-jaune.html,https://contents.mediadecathlon.com/p2585591/1cr1/k$98f49b9ff4ac6de0c0f51eaeca72fe01/prod.jpg?format=auto&f=1024x0,materiels-enfants
398b1263-f96b-444a-9896-1f3d5a448738,Roller enfant PLAY5 Menthe,OXELO,"399,00 MAD",2341.0,https://www.decathlon.ma/p/7961-110416-roller-enfant-play5-menthe.html,https://contents.mediadecathlon.com/p2332208/1cr1/k$8ee4e97385033a45c451b37d080cdec5/prod.jpg?format=auto&f=1024x0,materiels-enfants
3aeb031e-f2d6-4c50-a79a-5a5ae861f61c,Set 3x2 protections roller trottinette skate enfant PLAY Bleu,OXELO,"149,00 MAD",7341.0,https://www.decathlon.ma/p/14777-112835-set-3x2-protections-roller-trottinette-skate-enfant-play-bleu.html,https://contents.mediadecathlon.com/p2574132/1cr1/k$a77b681e3b2a5a86b1fbd01c22485c2a/prod.jpg?format=auto&f=1024x0,materiels-enfants
f8b25715-937c-486b-97b5-62d903b4f6b1,"Bouteille isotherme inox 0,4L avec gobelet pour la randonnée - bleu",QUECHUA,"139,00 MAD",2671.0,https://www.decathlon.ma/p/109005-55539-bouteille-isotherme-inox-04l-avec-gobelet-pour-la-randonnee-bleu.html,https://contents.mediadecathlon.com/p2579026/1cr1/k$f56a9239feaa211dc20fbbd03bf8c7cd/prod.jpg?format=auto&f=1024x0,nutrition-et-soin
69e1b496-9fc0-481d-8617-315ae3c440f8,Gourde 500 alu 1L avec bouchon ouverture rapide pour la randonnée - Bleu,QUECHUA,"129,00 MAD",4238.0,https://www.decathlon.ma/p/330041-125759-gourde-500-alu-1l-avec-bouchon-ouverture-rapide-pour-la-randonnee-bleu.html,https://contents.mediadecathlon.com/p2902215/1cr1/k$0fe8a050e2f25b32bdb6a2b2d832fbda/prod.jpg?format=auto&f=1024x0,nutrition-et-soin
ffd79949-05d4-4e7d-ae69-384b7600bf00,"Gourde alu 1,5l avec bouchon à ouverture rapide pour la randonnée bleu",QUECHUA,"149,00 MAD",2180.0,https://www.decathlon.ma/p/330071-134916-gourde-alu-15l-avec-bouchon-a-ouverture-rapide-pour-la-randonnee-bleu.html,https://contents.mediadecathlon.com/p2902233/1cr1/k$28432c60681f88caf4bdc466da9ecf8c/prod.jpg?format=auto&f=1024x0,nutrition-et-soin
1767b974-9b0e-4575-a9fd-c89a6f3994cd,"Gourde 500 enfant 0,6L en alu, bouchon instantané, pipette et paille, randonnée",QUECHUA,"119,00 MAD",4343.0,https://www.decathlon.ma/p/122246-46301-gourde-500-enfant-06l-en-alu-bouchon-instantane-pipette-et-paille-randonnee.html,https://contents.mediadecathlon.com/p1969644/1cr1/k$eb880d91c8bc67e373587213137eeb51/prod.jpg?format=auto&f=1024x0,nutrition-et-soin
842ca845-fd20-44c2-abea-8147a94645bd,"Gourde 500 ecozen® 0,8l avec bouchon ouverture rapide pour la randonnée - Bleu",QUECHUA,"69,00 MAD",4059.0,https://www.decathlon.ma/p/345452-67210-gourde-500-ecozenR-08l-avec-bouchon-ouverture-rapide-pour-la-randonnee-bleu.html,https://contents.mediadecathlon.com/p2579472/1cr1/k$bdba5f0e785b2cff8b8dde15419ea87b/prod.jpg?format=auto&f=1024x0,nutrition-et-soin
f2c96b03-67a4-47a4-aac8-59d68ff7f90c,"Gourde 900 isotherme inox 0,5L bouchon à ouverture rapide pour la randonnée",QUECHUA,"159,00 MAD",5948.0,https://www.decathlon.ma/p/301267-135055-gourde-900-isotherme-inox-05l-bouchon-a-ouverture-rapide-pour-la-randonnee.html,https://contents.mediadecathlon.com/p2579162/1cr1/k$dba2ed0b07deb3a9077134f48fa73d16/prod.jpg?format=auto&f=1024x0,nutrition-et-soin
83a70059-deb1-4ac0-97a9-f83bc7b9d227,"Gourde 900 isotherme inox 0,5L bouchon à ouverture rapide pour la randonnée",QUECHUA,"159,00 MAD",5948.0,https://www.decathlon.ma/p/301267-135056-gourde-900-isotherme-inox-05l-bouchon-a-ouverture-rapide-pour-la-randonnee.html,https://contents.mediadecathlon.com/p2579091/1cr1/k$9ba7b1f8f476b55a0e148644f82cae62/prod.jpg?format=auto&f=1024x0,nutrition-et-soin
bd6d86c8-2e92-452d-8996-97725db620f2,Survêtement enfant - bleu et blanc,DECATHLON,"159,00 MAD",758.0,https://www.decathlon.ma/p/356400-117210-survetement-enfant-bleu-et-blanc.html,https://contents.mediadecathlon.com/p2711396/1cr1/k$6d7acf4321cd54e58758dca1c290a9d2/prod.jpg?format=auto&f=1024x0,vetements-enfants
ffe59018-67a9-49b1-8cb7-afe24ea3d8db,Survêtement enfant - noir et blanc,DECATHLON,"159,00 MAD",758.0,https://www.decathlon.ma/p/356400-138319-survetement-enfant-noir-et-blanc.html,https://contents.mediadecathlon.com/p2719286/1cr1/k$df5bba120c36012627b7fafa51278a1b/prod.jpg?format=auto&f=1024x0,vetements-enfants
2dacb428-3f0d-45f1-ada1-9c76fa0ab7c4,Pantalon de jogging chaud enfant,DOMYOS,"199,00 MAD",1613.0,https://www.decathlon.ma/p/323629-38652-pantalon-de-jogging-chaud-enfant.html,https://contents.mediadecathlon.com/p2115724/1cr1/k$568fc667376ec50041f7d2b7ee7f5a5d/prod.jpg?format=auto&f=1024x0,vetements-enfants
95151f2f-111e-45d4-bdb5-764a72d74ed8,Pantalon de jogging chaud enfant,DOMYOS,"119,00 MAD",1613.0,https://www.decathlon.ma/p/323629-52121-pantalon-de-jogging-chaud-enfant.html,https://contents.mediadecathlon.com/p2450814/1cr1/k$1523eff904258a9394ffd3f44180e824/prod.jpg?format=auto&f=1024x0,vetements-enfants
0926c846-3e41-4c9b-ac91-d3dce332dea5,T-shirt coton fille - 500 gris,DOMYOS,"79,00 MAD",1486.0,https://www.decathlon.ma/p/333500-72278-t-shirt-coton-fille-500-gris.html,https://contents.mediadecathlon.com/p2532547/1cr1/k$94c7d80cf98eafa14c9e0061dc72d5b2/prod.jpg?format=auto&f=1024x0,vetements-enfants
45771ca5-22c0-4cfd-a574-04783911f207,T-SHIRT FILLE COTON Blanc,DOMYOS,"79,00 MAD",1486.0,https://www.decathlon.ma/p/333500-84936-t-shirt-fille-coton-blanc.html,https://contents.mediadecathlon.com/p2722604/1cr1/k$f0ce870917292abee84dfc646243323c/prod.jpg?format=auto&f=1024x0,vetements-enfants
2f5479b8-007a-45e8-969b-748299dc3587,"T-shirt multisport coton enfant mixte, Bleu",DOMYOS,"59,00 MAD",1198.0,https://www.decathlon.ma/p/342011-114032-t-shirt-multisport-coton-enfant-mixte-bleu.html,https://contents.mediadecathlon.com/p2722633/1cr1/k$87803f9af94d7ea55f7a76adad721bc0/prod.jpg?format=auto&f=1024x0,vetements-enfants
327615fe-3932-4506-9012-e3d76aa47d8e,"T-shirt basique 100% en coton enfant, blanc",DOMYOS,"39,00 MAD",2877.0,https://www.decathlon.ma/p/303728-35419-t-shirt-basique-100-en-coton-enfant-blanc.html,https://contents.mediadecathlon.com/p2718771/1cr1/k$801db4001b3af0ea1363311aa5c39801/prod.jpg?format=auto&f=1024x0,vetements-enfants
5d99959d-b0be-41a8-ab62-3a9ba2067fdf,"Short multisport respirant enfant, Bleu blanc noir",DECATHLON,"99,00 MAD",1070.0,https://www.decathlon.ma/p/346844-115463-short-multisport-respirant-enfant-bleu-blanc-noir.html,https://contents.mediadecathlon.com/p2628060/1cr1/k$766095bee656491de70857d9bdf6e790/prod.jpg?format=auto&f=1024x0,vetements-enfants
716f86b1-4299-4005-88a7-e16ca14ab799,Short enfant coton - Basique marine,DOMYOS,"59,00 MAD",838.0,https://www.decathlon.ma/p/303734-24769-short-enfant-coton-basique-marine.html,https://contents.mediadecathlon.com/p2711851/1cr1/k$faeec32271ba5a28753017e905ee86f5/prod.jpg?format=auto&f=1024x0,vetements-enfants
8763f11e-7d41-4c82-a9aa-dae9621dcd79,Sweat à capuche coton enfant - cèdre,DOMYOS,"149,00 MAD",609.0,https://www.decathlon.ma/p/340512-120241-sweat-a-capuche-coton-enfant-cedre.html,https://contents.mediadecathlon.com/p2809944/1cr1/k$9febd754c5e8560a48a25d047b0c0b0a/prod.jpg?format=auto&f=1024x0,vetements-enfants
a7312f43-4b4d-4382-b8f5-93c9796e37b9,"Survêtement bicolore enfant, vert et bleu",DECATHLON,"159,00 MAD",758.0,https://www.decathlon.ma/p/356400-143935-survetement-bicolore-enfant-vert-et-bleu.html,https://contents.mediadecathlon.com/p2912418/1cr1/k$08c5180ad5a03c5a29ba4682b01a011c/prod.jpg?format=auto&f=1024x0,vetements-enfants
eb17e1e4-43db-4adf-af02-86ac86a68d67,"Survêtement bicolore enfant, rouge et bleu",DECATHLON,"159,00 MAD",758.0,https://www.decathlon.ma/p/356400-143379-survetement-bicolore-enfant-rouge-et-bleu.html,https://contents.mediadecathlon.com/p2912307/1cr1/k$ae5bfc03f66362d7bcbcbf543336b30f/prod.jpg?format=auto&f=1024x0,vetements-enfants
833b865f-910b-4fa4-93c2-90bf1580b95d,Pantalon de jogging running respirant femme - kiprun run 500 dry bleu foncé,KALENJI,"99,00 MAD",3695.0,https://www.decathlon.ma/p/302715-126422-pantalon-de-jogging-running-respirant-femme-kiprun-run-500-dry-bleu-fonce.html,https://contents.mediadecathlon.com/p2156262/1cr1/k$774ea013e5b56c24689e7b8885166360/prod.jpg?format=auto&f=1024x0,vetements-femmes
31e5c04f-9234-4984-bae3-737790672102,BURKINI RIME 100 MANCHES COURTES NAVY LEA MELON,NABAIJI,"459,00 MAD",11.0,https://www.decathlon.ma/p/349885-103840-burkini-rime-100-manches-courtes-navy-lea-melon.html,https://contents.mediadecathlon.com/p2544051/1cr1/k$6ae8164db1999575ab02b822012314c3/prod.jpg?format=auto&f=1024x0,vetements-femmes
31004f2a-2a21-4dd4-93f0-190f70529a51,Maillot de Bain Femme Une Pièce Una Noir,NABAIJI,"299,00 MAD",1010.0,https://www.decathlon.ma/p/306417-34467-maillot-de-bain-femme-une-piece-una-noir.html,https://contents.mediadecathlon.com/p1765363/1cr1/k$7e739c2437190a03b24d90c13eb4636d/prod.jpg?format=auto&f=1024x0,vetements-femmes
847a6257-8d28-4f71-8560-e933e4a62e59,HIJAB NATATION 100 BLEU MARINE,NABAIJI,"99,00 MAD",21.0,https://www.decathlon.ma/p/349797-116615-hijab-natation-100-bleu-marine.html,https://contents.mediadecathlon.com/p2544040/1cr1/k$7d1587c2b28e145922e63c4b01823e25/prod.jpg?format=auto&f=1024x0,vetements-femmes
30343697-e3f2-471f-93e0-ba42e5a98e8f,Legging fitness long coton extensible femme - Fit+ bleu marine,DOMYOS,"129,00 MAD",3461.0,https://www.decathlon.ma/p/303029-34792-legging-fitness-long-coton-extensible-femme-fit-bleu-marine.html,https://contents.mediadecathlon.com/p2730689/1cr1/k$06b8b7e916c10f95049b1926826908ab/prod.jpg?format=auto&f=1024x0,vetements-femmes
1308e3fb-f903-4271-9038-6486d4032019,Pantalon de jogging running respirant femme - kiprun run 500 dry noir,KALENJI,"199,00 MAD",3695.0,https://www.decathlon.ma/p/302715-126415-pantalon-de-jogging-running-respirant-femme-kiprun-run-500-dry-noir.html,https://contents.mediadecathlon.com/p2789264/1cr1/k$b66e7a3e97ddbd9628f59a2bc17702a6/prod.jpg?format=auto&f=1024x0,vetements-femmes
ad028939-9678-4d57-91c4-9cfcf061902c,Legging fitness long coton extensible femme - Fit+ noir,DOMYOS,"129,00 MAD",3461.0,https://www.decathlon.ma/p/303029-34802-legging-fitness-long-coton-extensible-femme-fit-noir.html,https://contents.mediadecathlon.com/p2632498/1cr1/k$565adf5cf21b4ce780d5ecb30564bfcd/prod.jpg?format=auto&f=1024x0,vetements-femmes
de35797a-ab88-45ff-b39b-c779314b0f7d,Legging fitness long coton extensible bas resserable femme - Fit+ noir,DOMYOS,"149,00 MAD",5238.0,https://www.decathlon.ma/p/303813-63362-legging-fitness-long-coton-extensible-bas-resserable-femme-fit-noir.html,https://contents.mediadecathlon.com/p2632552/1cr1/k$553cc1abbfade59a3cb304def5aae810/prod.jpg?format=auto&f=1024x0,vetements-femmes
da702896-c433-4531-8b2d-4608fd7e9754,"T-shirt col V fitness en coton femme, noir",DOMYOS,"69,00 MAD",2797.0,https://www.decathlon.ma/p/338648-113976-t-shirt-col-v-fitness-en-coton-femme-noir.html,https://contents.mediadecathlon.com/p2730768/1cr1/k$0bcffd0461bc1ed6e330b89c2dfc2b38/prod.jpg?format=auto&f=1024x0,vetements-femmes
ca289765-6194-4081-9ee2-8166d21f7644,Collants de danse classique avec pieds Fille - Rose,DOMYOS,"99,00 MAD",1167.0,https://www.decathlon.ma/p/329582-57700-collants-de-danse-classique-avec-pieds-fille-rose.html,https://contents.mediadecathlon.com/p2861960/1cr1/k$b658aafc291b1b9ca16499ed8d7c89b1/prod.jpg?format=auto&f=1024x0,vetements-femmes
74371db0-8708-4d9e-9d45-eff0b6e74ad7,Legging fitness long coton extensible femme - Fit+ gris,DOMYOS,"149,00 MAD",3461.0,https://www.decathlon.ma/p/303029-34800-legging-fitness-long-coton-extensible-femme-fit-gris.html,https://contents.mediadecathlon.com/p1793564/1cr1/k$af809358808023047d158cf24bdf2a7d/prod.jpg?format=auto&f=1024x0,vetements-femmes
c60f4c8a-ad0c-4e49-b603-873b85989f58,"T shirt crop top femme, Elementals, rose",DECATHLON,"99,00 MAD",38.0,https://www.decathlon.ma/p/360641-138315-t-shirt-crop-top-femme-elementals-rose.html,https://contents.mediadecathlon.com/p2932285/1cr1/k$ea4e172fafc648a6c0fb369fc854c82b/prod.jpg?format=auto&f=1024x0,vetements-femmes
a6913d17-fc70-4e29-a3b3-272517e71fbb,"Legging fitness avec poche téléphone femme, noir et noir fumé",DOMYOS,"119,00 MAD",6159.0,https://www.decathlon.ma/p/330283-113380-legging-fitness-avec-poche-telephone-femme-noir-et-noir-fume.html,https://contents.mediadecathlon.com/p2629347/1cr1/k$13bd3760183c27cc7ba27d2c697fdd3a/prod.jpg?format=auto&f=1024x0,vetements-femmes
d0ee8a05-7a93-4014-b42f-3a58a0bf1ecb,"short de fitness court et léger, imprimé bleu léopard bande bleu ciel",DOMYOS,"99,00 MAD",645.0,https://www.decathlon.ma/p/352902-131754-short-de-fitness-court-et-leger-imprime-bleu-leopard-bande-bleu-ciel.html,https://contents.mediadecathlon.com/p2828356/1cr1/k$6ba960e2a9ca297b309e68f91ca23b6a/prod.jpg?format=auto&f=1024x0,vetements-femmes
6fdc5b02-c1ff-4f66-b6ea-8d9c7cc5c537,"short de fitness court et léger,  marine bande bleu turquoise",DOMYOS,"49,00 MAD",645.0,https://www.decathlon.ma/p/352902-136815-short-de-fitness-court-et-leger-marine-bande-bleu-turquoise.html,https://contents.mediadecathlon.com/p2828350/1cr1/k$b07f21300a3ea03f8bbb530c0c24c55b/prod.jpg?format=auto&f=1024x0,vetements-femmes
201e44bd-0a31-48e1-a002-f6d355d67d98,"Débardeur dos nageur fitness cardio femme, noir",DOMYOS,"59,00 MAD",7420.0,https://www.decathlon.ma/p/345933-129883-debardeur-dos-nageur-fitness-cardio-femme-noir.html,https://contents.mediadecathlon.com/p2731612/1cr1/k$31d8b1da6c82d632273a25b690df186d/prod.jpg?format=auto&f=1024x0,vetements-femmes
6c20d76d-f2f0-48db-9dec-50814b533a99,"Débardeur côtelé femme, Elementals, blanc",DECATHLON,"99,00 MAD",29.0,https://www.decathlon.ma/p/360578-128288-debardeur-cotele-femme-elementals-blanc.html,https://contents.mediadecathlon.com/p2837280/1cr1/k$84982e5396efe19ce0465a2545d288e0/prod.jpg?format=auto&f=1024x0,vetements-femmes
cc991e63-5a04-4876-8ded-48149fbec683,"Pantalon de fitness respirant regular homme, bleu marine",DOMYOS,"179,00 MAD",13026.0,https://www.decathlon.ma/p/312019-44017-pantalon-de-fitness-respirant-regular-homme-bleu-marine.html,https://contents.mediadecathlon.com/p2572916/1cr1/k$fde97c8566306fdb2c872e3514888b47/prod.jpg?format=auto&f=1024x0,vetements-hommes
3b6043e6-c10f-4508-a973-46d1eb0803ee,"Pantalon de fitness essential respirant regular homme, noir",DOMYOS,"179,00 MAD",13026.0,https://www.decathlon.ma/p/312019-38207-pantalon-de-fitness-essential-respirant-regular-homme-noir.html,https://contents.mediadecathlon.com/p2732073/1cr1/k$f3a7d72dd90b79dd6a400ab9d1b59250/prod.jpg?format=auto&f=1024x0,vetements-hommes
a2ce6d71-cad5-4aeb-9f25-638675fc17f0,T-shirt de fitness essentiel respirant col rond homme - gris chiné,DOMYOS,"59,00 MAD",10721.0,https://www.decathlon.ma/p/302873-38164-t-shirt-de-fitness-essentiel-respirant-col-rond-homme-gris-chine.html,https://contents.mediadecathlon.com/p2273811/1cr1/k$9a3de96fa1c9b43a156ba43ea3e5958c/prod.jpg?format=auto&f=1024x0,vetements-hommes
242c5237-40e9-46f0-9004-341590644624,T-shirt de running respirant Homme - KIPRUN 100 Dry Noir,DECATHLON,"69,00 MAD",24654.0,https://www.decathlon.ma/p/165437-24422-t-shirt-de-running-respirant-homme-kiprun-100-dry-noir.html,https://contents.mediadecathlon.com/p2788391/1cr1/k$ad0ddad8b73ae33aa4ebd7d4b1b8f89e/prod.jpg?format=auto&f=1024x0,vetements-hommes
427201c6-e618-4114-846b-573c68341649,PANTALON DE FITNESS COLLECTION RESPIRANT HOMME - NOIR,DOMYOS,"199,00 MAD",7514.0,https://www.decathlon.ma/p/337323-107471-pantalon-de-fitness-collection-respirant-homme-noir.html,https://contents.mediadecathlon.com/p2732127/1cr1/k$3cfd54bfefcf5be7e593d3b09450fdde/prod.jpg?format=auto&f=1024x0,vetements-hommes
c5da8798-8032-42ea-9fa9-d2150efec0f2,T-shirt de fitness essentiel respirant col rond homme - bleu chiné,DOMYOS,"59,00 MAD",10721.0,https://www.decathlon.ma/p/302873-38176-t-shirt-de-fitness-essentiel-respirant-col-rond-homme-bleu-chine.html,https://contents.mediadecathlon.com/p2732110/1cr1/k$750a859d72779eca758765e0ba577baa/prod.jpg?format=auto&f=1024x0,vetements-hommes
41a0036d-293d-46c2-803f-067a0b215f23,"Short de fitness avec poches zippées, noir fumé",DOMYOS,"129,00 MAD",22662.0,https://www.decathlon.ma/p/305836-102880-short-de-fitness-avec-poches-zippees-noir-fume.html,https://contents.mediadecathlon.com/p2732094/1cr1/k$70a5265571eb10509854ccebade8029d/prod.jpg?format=auto&f=1024x0,vetements-hommes
568d2a57-3fb2-405b-b7ca-8ebf7c65ed20,"Short de cross training respirant et léger, Celliant gris",DOMYOS,"149,00 MAD",477.0,https://www.decathlon.ma/p/341655-108077-short-de-cross-training-respirant-et-leger-celliant-gris.html,https://contents.mediadecathlon.com/p2630639/1cr1/k$14a45d8857dd6f8fb756bccfceb97a26/prod.jpg?format=auto&f=1024x0,vetements-hommes
d598f2ff-9287-4377-9e4a-c5419fe3d522,Short de running homme - kiprun run 500 dry noir,KIPRUN,"69,00 MAD",11679.0,https://www.decathlon.ma/p/333374-132991-short-de-running-homme-kiprun-run-500-dry-noir.html,https://contents.mediadecathlon.com/p2157161/1cr1/k$bc0a6403566c22eec96428231f51d645/prod.jpg?format=auto&f=1024x0,vetements-hommes
25cc7412-d4fd-4c70-84e1-9227997d4616,Veste imperméable de voile - veste de pluie coupe vent sailing 100 bleu marine,DECATHLON,"299,00 MAD",6439.0,https://www.decathlon.ma/p/169764-118418-veste-impermeable-de-voile-veste-de-pluie-coupe-vent-sailing-100-bleu-marine.html,https://contents.mediadecathlon.com/p2930370/1cr1/k$3627d754064f59263ee3c5e4096b370b/prod.jpg?format=auto&f=1024x0,vetements-hommes
a0853ade-2e5c-4937-8b45-2cae8b08337f,T-shirt de running respirant Homme - KIPRUN 100 Dry Blanc,DECATHLON,"69,00 MAD",24654.0,https://www.decathlon.ma/p/165437-53714-t-shirt-de-running-respirant-homme-kiprun-100-dry-blanc.html,https://contents.mediadecathlon.com/p2788382/1cr1/k$789c4bb9b59c1b8fc021031781cf6909/prod.jpg?format=auto&f=1024x0,vetements-hommes
6d530170-9875-48f9-bb2a-d1a702e6e604,"Pantalon de randonnée homme, NH500 Regular gris",QUECHUA,"299,00 MAD",6798.0,https://www.decathlon.ma/p/327102-40904-pantalon-de-randonnee-homme-nh500-regular-gris.html,https://contents.mediadecathlon.com/p2582568/1cr1/k$2ff667bde6a86148532551935c5acbd3/prod.jpg?format=auto&f=1024x0,vetements-hommes
